zip_part	map	page	images	categories
1	747	https://counterstrike.fandom.com/wiki/747	Image	Counter-Strike Hostage maps
1	Abbey	https://counterstrike.fandom.com/wiki/Abbey	Image; Radar; Logo	Community Bomb maps; Counter-Strike: Global Offensive removed maps
1	Agency	https://counterstrike.fandom.com/wiki/Agency	Image; Radar; Logo	Community Hostage maps; Operation Bloodhound maps; Operation Bravo maps; Operation Hydra maps; Operation Phoenix maps; Counter-Strike: Global Offensive Hostage maps
1	Airstrip	https://counterstrike.fandom.com/wiki/Airstrip	Image	Counter-Strike (Xbox) Bomb maps; Counter-Strike Bomb maps; Counter-Strike: Condition Zero Bomb maps
1	Ali	https://counterstrike.fandom.com/wiki/Ali	Image; Radar	Community Bomb maps; Operation Bravo maps; Operation Phoenix maps
1	Alley1	https://counterstrike.fandom.com/wiki/Alley1	Image	Counter-Strike cut maps
1	Alleyway	https://counterstrike.fandom.com/wiki/Alleyway	Image	Counter-Strike: Global Offensive cut maps
1	Ancient	https://counterstrike.fandom.com/wiki/Ancient	Image; Radar; Logo	Counter-Strike 2 Bomb maps; Counter-Strike: Global Offensive Bomb maps; Operation Broken Fang maps; Active Duty Group; Defusal Group Sigma; Retakes Group
1	Anubis	https://counterstrike.fandom.com/wiki/Anubis	Image; Radar; Logo	Community Bomb maps; Counter-Strike 2 Bomb maps; Counter-Strike: Global Offensive Bomb maps; Active Duty Group; Defusal Group Delta
1	Apollo	https://counterstrike.fandom.com/wiki/Apollo	Image; Radar; Logo	Community Hostage maps; Operation Broken Fang maps
1	Arabstreets	https://counterstrike.fandom.com/wiki/Arabstreets	Image	Counter-Strike cut maps
1	Arcticbiolab	https://counterstrike.fandom.com/wiki/Arcticbiolab	Image	Counter-Strike (Xbox) cut maps; Counter-Strike: Condition Zero cut maps
1	Assault	https://counterstrike.fandom.com/wiki/Assault	Image; Radar; Logo	Counter-Strike Hostage maps; Counter-Strike: Global Offensive Hostage maps; Counter-Strike: Source Hostage maps
1	Assembly	https://counterstrike.fandom.com/wiki/Assembly	Image; Radar; Logo	Counter-Strike 2 Community Wingman maps
1	Austria	https://counterstrike.fandom.com/wiki/Austria	Image; Radar; Logo	Community Bomb maps; Operation Hydra maps; Counter-Strike: Global Offensive removed maps
1	Autumn Harvest	https://counterstrike.fandom.com/wiki/Autumn_Harvest	Image; Radar	Operation Broken Fang maps; Co-op Strike maps
1	Aztec	https://counterstrike.fandom.com/wiki/Aztec	Image; Radar; Logo	Counter-Strike (Xbox) Bomb maps; Counter-Strike Bomb maps; Counter-Strike: Condition Zero Bomb maps; Counter-Strike: Source Bomb maps; Counter-Strike: Global Offensive removed maps
1	Aztec2	https://counterstrike.fandom.com/wiki/Aztec2	Image	Counter-Strike Community maps
1	Backalley	https://counterstrike.fandom.com/wiki/Backalley	Image; Radar	Community Hostage maps; Operation Vanguard maps; Counter-Strike Hostage maps
1	Baggage	https://counterstrike.fandom.com/wiki/Baggage	Image; Upper Radar; Lower Radar; Logo	Counter-Strike: Global Offensive Arms Race maps; Arms Race Group
1	Balkan (map)	https://counterstrike.fandom.com/wiki/Balkan_(map)	Image	Counter-Strike: Global Offensive cut maps
1	Bank	https://counterstrike.fandom.com/wiki/Bank	Image; Radar; Logo	Demolition Group
1	Basalt	https://counterstrike.fandom.com/wiki/Basalt	Image; Radar; Logo	Community Bomb maps; Counter-Strike 2 Community Bomb maps; Operation Riptide maps
1	Bazaar	https://counterstrike.fandom.com/wiki/Bazaar	Image; Radar	Community Bomb maps; Operation Vanguard maps
1	Biome	https://counterstrike.fandom.com/wiki/Biome	Image; Radar; Logo	Community Bomb maps; Counter-Strike: Global Offensive removed maps
1	Black Gold	https://counterstrike.fandom.com/wiki/Black_Gold	Image; Radar; Icon	Community Bomb maps; Operation Breakout maps; Operation Hydra maps
1	Blacksite	https://counterstrike.fandom.com/wiki/Blacksite	Image; Radar; Logo	Danger Zone maps; Danger Zone Group
1	Blagai	https://counterstrike.fandom.com/wiki/Blagai	Image; Radar; Logo	Community Bomb maps; Counter-Strike: Global Offensive removed maps
1	Boyard	https://counterstrike.fandom.com/wiki/Boyard	Image; Radar; Logo	Community Bomb maps
1	Breach	https://counterstrike.fandom.com/wiki/Breach	Image	Community Bomb maps; Counter-Strike: Global Offensive removed maps
1	Brewery	https://counterstrike.fandom.com/wiki/Brewery	Image; Radar; Logo	Counter-Strike 2 Community Wingman maps
1	Bridge	https://counterstrike.fandom.com/wiki/Bridge	Image	Counter-Strike (Xbox) cut maps; Counter-Strike: Condition Zero cut maps
1	Bunker	https://counterstrike.fandom.com/wiki/Bunker	Image	Counter-Strike cut maps
1	Cache	https://counterstrike.fandom.com/wiki/Cache	Image; Radar; Logo	Community Bomb maps; Counter-Strike 2 Bomb maps; Counter-Strike: Global Offensive Bomb maps; Operation Bravo maps; Operation Phoenix maps; Active Duty Group
1	Calavera	https://counterstrike.fandom.com/wiki/Calavera	Image; Radar; Logo	Community Bomb maps; Counter-Strike: Global Offensive removed maps
1	Canal	https://counterstrike.fandom.com/wiki/Canal	Image	Counter-Strike (Xbox) cut maps; Counter-Strike: Condition Zero cut maps
1	Canals	https://counterstrike.fandom.com/wiki/Canals	Image; Radar; Logo	Counter-Strike: Global Offensive Bomb maps
1	Cascade	https://counterstrike.fandom.com/wiki/Cascade	Image; Radar; Logo	Community Bomb maps; Counter-Strike: Global Offensive removed maps
1	Castle	https://counterstrike.fandom.com/wiki/Castle	Image; Radar	Community Bomb maps; Operation Breakout maps
1	Chalice	https://counterstrike.fandom.com/wiki/Chalice	Image; Radar; Logo	Community Bomb maps
1	Chateau	https://counterstrike.fandom.com/wiki/Chateau	Image	Counter-Strike (Xbox) Bomb maps; Counter-Strike Bomb maps; Counter-Strike: Condition Zero Bomb maps; Counter-Strike: Source Bomb maps
1	Chinatown	https://counterstrike.fandom.com/wiki/Chinatown	Image; Radar	Community Bomb maps; Operation Bravo maps
1	Chlorine	https://counterstrike.fandom.com/wiki/Chlorine	Image; Radar; Logo	Community Bomb maps; Counter-Strike: Global Offensive removed maps
1	City	https://counterstrike.fandom.com/wiki/City	Image	Counter-Strike: Source experimental maps
1	Cityofsin	https://counterstrike.fandom.com/wiki/Cityofsin	Image	Counter-Strike: Condition Zero cut maps
1	Climb	https://counterstrike.fandom.com/wiki/Climb	Image; Upper Radar; Lower Radar; Logo	Community Hostage maps; Counter-Strike: Global Offensive removed maps
1	Coast	https://counterstrike.fandom.com/wiki/Coast	Image; Radar	Community Bomb maps; Operation Wildfire maps
1	Cobblestone	https://counterstrike.fandom.com/wiki/Cobblestone	Image; Radar; Logo	Counter-Strike (Xbox) Bomb maps; Counter-Strike Bomb maps; Counter-Strike: Condition Zero Bomb maps; Counter-Strike: Global Offensive Bomb maps; Counter-Strike: Source Bomb maps; Operation Bravo maps
1	Cobblestone (Halloween)	https://counterstrike.fandom.com/wiki/Cobblestone_(Halloween)	Image	Counter-Strike: Global Offensive special maps
1	Coldstorage	https://counterstrike.fandom.com/wiki/Coldstorage	Image	Counter-Strike: Condition Zero cut maps
1	Compound	https://counterstrike.fandom.com/wiki/Compound	Image	Counter-Strike: Source Hostage maps
1	Conditionabillion	https://counterstrike.fandom.com/wiki/Conditionabillion	Image	Counter-Strike: Condition Zero cut maps
1	Construction	https://counterstrike.fandom.com/wiki/Construction	Image	Counter-Strike: Condition Zero cut maps
1	Corruption	https://counterstrike.fandom.com/wiki/Corruption	Image	Counter-Strike (Xbox) Bomb maps; Counter-Strike: Condition Zero Bomb maps
1	Counter Terrorist Training	https://counterstrike.fandom.com/wiki/Counter_Terrorist_Training	Image	Training maps
1	Counter-Terrorist Training Center	https://counterstrike.fandom.com/wiki/Counter-Terrorist_Training_Center	Image	Counter-Strike cut maps; Training maps
2	County	https://counterstrike.fandom.com/wiki/County	Image; Radar; Logo	Community Danger Zone maps; Operation Riptide maps; Counter-Strike: Global Offensive removed maps
2	Cranes	https://counterstrike.fandom.com/wiki/Cranes	Image	Counter-Strike: Global Offensive cut maps
2	Crash	https://counterstrike.fandom.com/wiki/Crash	Image	Counter-Strike: Source experimental maps
2	Crashsite	https://counterstrike.fandom.com/wiki/Crashsite	Image	Operation Bloodhound maps
2	Crete	https://counterstrike.fandom.com/wiki/Crete	Image; Radar; Logo	Community Bomb maps; Counter-Strike: Global Offensive removed maps
2	Cruise	https://counterstrike.fandom.com/wiki/Cruise	Image; Radar	Community Hostage maps; Operation Wildfire maps
2	Cultivating Trouble	https://counterstrike.fandom.com/wiki/Cultivating_Trouble	Image; Overview	Operation Broken Fang maps; Co-op Strike maps
2	Dahab	https://counterstrike.fandom.com/wiki/Dahab	Image	Counter-Strike: Condition Zero cut maps
2	Damage	https://counterstrike.fandom.com/wiki/Damage	Image	Counter-Strike (Xbox) cut maps; Counter-Strike: Condition Zero cut maps
2	Demolition Training	https://counterstrike.fandom.com/wiki/Demolition_Training	Image	Training maps
2	Depot	https://counterstrike.fandom.com/wiki/Depot	Image	Counter-Strike: Global Offensive cut maps
2	Desert	https://counterstrike.fandom.com/wiki/Desert	Image	Counter-Strike cut maps
2	Desertbunker	https://counterstrike.fandom.com/wiki/Desertbunker	Image	Counter-Strike (Xbox) cut maps; Counter-Strike: Condition Zero cut maps
2	Destown	https://counterstrike.fandom.com/wiki/Destown	Image	Assassination maps; Counter-Strike (Xbox) cut maps; Counter-Strike: Condition Zero cut maps
2	Dizzy	https://counterstrike.fandom.com/wiki/Dizzy	Image; Radar; Logo	Operation Hydra maps; Flying Scoutsman Group
2	Docks	https://counterstrike.fandom.com/wiki/Docks	Image	Counter-Strike cut maps
2	Dogtown	https://counterstrike.fandom.com/wiki/Dogtown	Image; Radar; Logo	Counter-Strike 2 Community Wingman maps
2	Downed	https://counterstrike.fandom.com/wiki/Downed	Image	Counter-Strike (Xbox) cut maps; Counter-Strike: Condition Zero Hostage maps
2	Downtown	https://counterstrike.fandom.com/wiki/Downtown	Image; Radar	Community Hostage maps; Operation Payback maps; Operation Phoenix maps
2	Dust	https://counterstrike.fandom.com/wiki/Dust	Image; Radar; Logo	Counter-Strike (Xbox) Bomb maps; Counter-Strike Bomb maps; Counter-Strike: Condition Zero Bomb maps; Counter-Strike: Source Bomb maps; Counter-Strike: Global Offensive removed maps
2	Dust II	https://counterstrike.fandom.com/wiki/Dust_II	Image; Radar; Logo	Counter-Strike (Xbox) Bomb maps; Counter-Strike 2 Bomb maps; Counter-Strike Bomb maps; Counter-Strike: Condition Zero Bomb maps; Counter-Strike: Global Offensive Bomb maps; Counter-Strike: Source Bomb maps; Active Duty Group; Retakes Group
2	Dust II (Retro)	https://counterstrike.fandom.com/wiki/Dust_II_(Retro)	Image	Counter-Strike: Global Offensive special maps
2	Dust II Control	https://counterstrike.fandom.com/wiki/Dust_II_Control	Image; Radar	Control Point maps
2	Dust3	https://counterstrike.fandom.com/wiki/Dust3	Image	Counter-Strike: Source cut maps
2	Edin	https://counterstrike.fandom.com/wiki/Edin	Image; Radar; Logo	Counter-Strike 2 Community Bomb maps
2	Elysion	https://counterstrike.fandom.com/wiki/Elysion	Image; Radar; Logo	Community Bomb maps; Operation Broken Fang maps
2	Ember	https://counterstrike.fandom.com/wiki/Ember	Image; Radar; Logo	Community Danger Zone maps; Danger Zone maps; Danger Zone Group
2	Empire	https://counterstrike.fandom.com/wiki/Empire	Image; Radar	Community Bomb maps; Operation Wildfire maps
2	Engage	https://counterstrike.fandom.com/wiki/Engage	Image; Radar; Logo	Community Bomb maps; Counter-Strike Community maps; Operation Broken Fang maps
2	Estate	https://counterstrike.fandom.com/wiki/Estate	Image	Counter-Strike Hostage maps
2	Extraction	https://counterstrike.fandom.com/wiki/Extraction	Image; Radar; Logo	Community Bomb maps; Operation Riptide maps
2	Facade	https://counterstrike.fandom.com/wiki/Facade	Image; Radar	Community Bomb maps; Operation Vanguard maps
2	Facility	https://counterstrike.fandom.com/wiki/Facility	Image	Counter-Strike cut maps
2	Fang	https://counterstrike.fandom.com/wiki/Fang	Image	Counter-Strike cut maps
2	Fastline	https://counterstrike.fandom.com/wiki/Fastline	Image	Counter-Strike (Xbox) Bomb maps; Counter-Strike: Condition Zero Bomb maps; Counter-Strike: Source cut maps
2	Favela	https://counterstrike.fandom.com/wiki/Favela	Image; Radar	Community Bomb maps; Operation Payback maps; Operation Phoenix maps
2	Foption	https://counterstrike.fandom.com/wiki/Foption	Image	Counter-Strike cut maps
2	Forest	https://counterstrike.fandom.com/wiki/Forest	Image	Assassination maps; Counter-Strike cut maps
2	Frantic	https://counterstrike.fandom.com/wiki/Frantic	Image	Counter-Strike cut maps; Escape maps
2	Frostbite	https://counterstrike.fandom.com/wiki/Frostbite	Image; Radar; Logo	Community Danger Zone maps; Operation Broken Fang maps; Counter-Strike: Global Offensive removed maps
2	Genoserv	https://counterstrike.fandom.com/wiki/Genoserv	Image	Counter-Strike: Condition Zero cut maps
2	Golden	https://counterstrike.fandom.com/wiki/Golden	Image; Radar; Logo	Counter-Strike 2 Community Bomb maps
2	Grail	https://counterstrike.fandom.com/wiki/Grail	Image; Radar; Logo	Counter-Strike 2 Community Bomb maps
2	Grind	https://counterstrike.fandom.com/wiki/Grind	Image; Radar; Logo	Community Bomb maps; Counter-Strike: Global Offensive removed maps
2	Guard	https://counterstrike.fandom.com/wiki/Guard	Image; Radar; Logo	Community Bomb maps; Operation Broken Fang maps
2	Gwalior	https://counterstrike.fandom.com/wiki/Gwalior	Image; Radar	Community Bomb maps; Operation Bravo maps
2	Hangar	https://counterstrike.fandom.com/wiki/Hangar	Image	Assassination maps; Counter-Strike: Condition Zero cut maps
2	Hankagai (bomb defusal map)	https://counterstrike.fandom.com/wiki/Hankagai_(bomb_defusal_map)	Image	Counter-Strike (Xbox) cut maps; Counter-Strike: Condition Zero cut maps
2	Havana	https://counterstrike.fandom.com/wiki/Havana	Image	Counter-Strike (Xbox) Hostage maps; Counter-Strike Hostage maps; Counter-Strike: Condition Zero Hostage maps; Counter-Strike: Source Hostage maps
2	Hideout	https://counterstrike.fandom.com/wiki/Hideout	Image	Counter-Strike cut maps
2	Highrise	https://counterstrike.fandom.com/wiki/Highrise	Image	Assassination maps; Counter-Strike cut maps
2	Hive	https://counterstrike.fandom.com/wiki/Hive	Image; Radar; Logo	Community Bomb maps; Counter-Strike: Global Offensive removed maps
2	Hostage-Rescue Training	https://counterstrike.fandom.com/wiki/Hostage-Rescue_Training	Image	Training maps
2	Inferno	https://counterstrike.fandom.com/wiki/Inferno	Image; Radar; Logo	Counter-Strike (Xbox) Bomb maps; Counter-Strike 2 Bomb maps; Counter-Strike Bomb maps; Counter-Strike: Condition Zero Bomb maps; Counter-Strike: Global Offensive Bomb maps; Counter-Strike: Source Bomb maps; Active Duty Group; Defusal Group Delta; Retakes Group; Wingman Group
2	Insertion	https://counterstrike.fandom.com/wiki/Insertion	Image; Radar; Logo	Community Hostage maps; Operation Breakout maps; Operation Hydra maps; Counter-Strike: Global Offensive removed maps
2	Insertion II	https://counterstrike.fandom.com/wiki/Insertion_II	Image; Radar; Logo	Community Hostage maps; Operation Riptide maps
2	Iraq	https://counterstrike.fandom.com/wiki/Iraq	Image	Counter-Strike cut maps
2	Iris	https://counterstrike.fandom.com/wiki/Iris	Image; Radar; Logo	Community Bomb maps; Counter-Strike: Global Offensive removed maps
2	Italy	https://counterstrike.fandom.com/wiki/Italy	Image; Radar; Logo	Counter-Strike (Xbox) Hostage maps; Counter-Strike 2 Hostage maps; Counter-Strike Hostage maps; Counter-Strike: Condition Zero Hostage maps; Counter-Strike: Global Offensive Hostage maps; Hostage Group; Counter-Strike: Source Hostage maps
2	Jail	https://counterstrike.fandom.com/wiki/Jail	Image	Counter-Strike cut maps; Escape maps
2	Jeepathon2k	https://counterstrike.fandom.com/wiki/Jeepathon2k	Image	Counter-Strike cut maps
2	Jungle	https://counterstrike.fandom.com/wiki/Jungle	Image; Radar; Logo	Community Danger Zone maps; Operation Shattered Web maps; Counter-Strike: Global Offensive removed maps
2	Junglecamp	https://counterstrike.fandom.com/wiki/Junglecamp	Image	Counter-Strike (Xbox) cut maps; Counter-Strike: Condition Zero cut maps
2	Junglecompound	https://counterstrike.fandom.com/wiki/Junglecompound	Image	Counter-Strike: Condition Zero cut maps
2	Jura	https://counterstrike.fandom.com/wiki/Jura	Image; Radar; Logo	Counter-Strike 2 Community Bomb maps
2	Lake	https://counterstrike.fandom.com/wiki/Lake	Image; Radar; Logo	Counter-Strike: Global Offensive Arms Race maps; Demolition Group; Flying Scoutsman Group
2	Library	https://counterstrike.fandom.com/wiki/Library	Image; Radar	Community Bomb maps; Operation Payback maps
2	Lite	https://counterstrike.fandom.com/wiki/Lite	Image; Radar; Icon	Community Bomb maps; Counter-Strike Community maps; Operation Hydra maps
3	Log	https://counterstrike.fandom.com/wiki/Log	Image; Radar	Community Bomb maps; Operation Bloodhound maps
3	Lunacy	https://counterstrike.fandom.com/wiki/Lunacy	Image; Radar; Logo	Operation Shattered Web maps; Counter-Strike: Global Offensive Arms Race maps; Flying Scoutsman Group
3	Mansion	https://counterstrike.fandom.com/wiki/Mansion	Image	Counter-Strike cut maps
3	Marquis	https://counterstrike.fandom.com/wiki/Marquis	Image; Radar	Community Bomb maps; Operation Vanguard maps
3	Memento	https://counterstrike.fandom.com/wiki/Memento	Image; Radar; Logo	Counter-Strike 2 Community Wingman maps
3	Miami	https://counterstrike.fandom.com/wiki/Miami	Image	Counter-Strike (Xbox) Hostage maps; Counter-Strike: Condition Zero cut maps
3	Mikla	https://counterstrike.fandom.com/wiki/Mikla	Image; Radar	Community Bomb maps; Operation Wildfire maps
3	Militia	https://counterstrike.fandom.com/wiki/Militia	Image; Upper Radar; Lower Radar; Logo	Counter-Strike (Xbox) Hostage maps; Counter-Strike Hostage maps; Counter-Strike: Condition Zero Hostage maps; Counter-Strike: Global Offensive Hostage maps; Counter-Strike: Source Hostage maps
3	Militia (Winter)	https://counterstrike.fandom.com/wiki/Militia_(Winter)	Image	Counter-Strike: Global Offensive special maps
3	Mills	https://counterstrike.fandom.com/wiki/Mills	Image; Radar; Logo	Counter-Strike 2 Community Bomb maps
3	Mirage	https://counterstrike.fandom.com/wiki/Mirage	Image; Radar; Logo	Counter-Strike 2 Bomb maps; Counter-Strike: Global Offensive Bomb maps; Counter-Strike Community maps; Active Duty Group; Defusal Group Sigma; Retakes Group
3	Mist	https://counterstrike.fandom.com/wiki/Mist	Image; Radar	Community Bomb maps; Operation Breakout maps
3	Mocha	https://counterstrike.fandom.com/wiki/Mocha	Image; Radar; Logo	Community Bomb maps; Counter-Strike: Global Offensive removed maps
3	Monastery	https://counterstrike.fandom.com/wiki/Monastery	Image; Radar; Logo	Counter-Strike: Global Offensive Arms Race maps
3	Motel	https://counterstrike.fandom.com/wiki/Motel	Image; Radar	Community Hostage maps; Operation Payback maps; Operation Phoenix maps
3	Museum	https://counterstrike.fandom.com/wiki/Museum	Image; Radar	Community Hostage maps; Operation Payback maps
3	Mutiny	https://counterstrike.fandom.com/wiki/Mutiny	Image; Radar; Logo	Community Bomb maps; Counter-Strike: Global Offensive removed maps
3	Nuke	https://counterstrike.fandom.com/wiki/Nuke	Image; Upper Radar; Lower Radar; Logo	Counter-Strike 2 Bomb maps; Counter-Strike Bomb maps; Counter-Strike: Condition Zero Bomb maps; Counter-Strike: Global Offensive Bomb maps; Counter-Strike: Source Bomb maps; Operation Wildfire maps; Active Duty Group; Defusal Group Delta; Retakes Group; Wingman Group
3	Office	https://counterstrike.fandom.com/wiki/Office	Image; Radar; Logo	Counter-Strike (Xbox) Hostage maps; Counter-Strike 2 Hostage maps; Counter-Strike Hostage maps; Counter-Strike: Condition Zero Hostage maps; Counter-Strike: Global Offensive Hostage maps; Hostage Group; Counter-Strike: Source Hostage maps
3	Oil	https://counterstrike.fandom.com/wiki/Oil	Image	Counter-Strike: Source cut maps
3	Oilrig	https://counterstrike.fandom.com/wiki/Oilrig	Image	Assassination maps
3	Otaku	https://counterstrike.fandom.com/wiki/Otaku	Image	Counter-Strike: Condition Zero cut maps
3	Overgrown	https://counterstrike.fandom.com/wiki/Overgrown	Image; Radar	Community Bomb maps; Operation Breakout maps
3	Overpass	https://counterstrike.fandom.com/wiki/Overpass	Image; Radar; Logo	Counter-Strike 2 Bomb maps; Counter-Strike: Global Offensive Bomb maps; Defusal Group Sigma; Reserves Group; Retakes Group; Wingman Group
3	Palacio	https://counterstrike.fandom.com/wiki/Palacio	Image; Radar; Logo	Counter-Strike 2 Community Bomb maps
3	Palais	https://counterstrike.fandom.com/wiki/Palais	Image; Upper Radar; Lower Radar; Logo	Counter-Strike 2 Community Wingman maps
3	Penal	https://counterstrike.fandom.com/wiki/Penal	Image	Counter-Strike (Xbox) cut maps; Counter-Strike: Condition Zero cut maps
3	Phoenix Compound	https://counterstrike.fandom.com/wiki/Phoenix_Compound	Image; Radar	Operation Wildfire maps; Co-op Strike maps
3	Phoenix Facility	https://counterstrike.fandom.com/wiki/Phoenix_Facility	Image; Overview; Logo	Operation Shattered Web maps; Co-op Strike maps
3	Pipeline	https://counterstrike.fandom.com/wiki/Pipeline	Image	Counter-Strike (Xbox) cut maps; Counter-Strike: Condition Zero cut maps
3	Piranesi	https://counterstrike.fandom.com/wiki/Piranesi	Image	Counter-Strike (Xbox) Bomb maps; Counter-Strike Bomb maps; Counter-Strike: Condition Zero Bomb maps; Counter-Strike: Source Bomb maps
3	Pitstop	https://counterstrike.fandom.com/wiki/Pitstop	Image; Upper Radar; Lower Radar; Logo	Community Bomb maps; Counter-Strike: Global Offensive removed maps
3	Pool Day	https://counterstrike.fandom.com/wiki/Pool_Day	Image; Radar; Logo	Counter-Strike Community maps; Counter-Strike: Global Offensive cut maps; Arms Race Group
3	Port	https://counterstrike.fandom.com/wiki/Port	Image	Counter-Strike: Source Bomb maps
3	Poseidon	https://counterstrike.fandom.com/wiki/Poseidon	Image; Radar; Logo	Counter-Strike 2 Community Wingman maps; Wingman Group
3	Prison	https://counterstrike.fandom.com/wiki/Prison	Image	Counter-Strike cut maps
3	Prodigy	https://counterstrike.fandom.com/wiki/Prodigy	Image	Counter-Strike (Xbox) Bomb maps; Counter-Strike Bomb maps; Counter-Strike: Condition Zero Bomb maps; Counter-Strike: Source Bomb maps
3	Quarry	https://counterstrike.fandom.com/wiki/Quarry	Image	Counter-Strike: Condition Zero cut maps
3	Radio (hostage rescue map)	https://counterstrike.fandom.com/wiki/Radio_(hostage_rescue_map)	Image	Counter-Strike: Condition Zero cut maps
3	Railroad	https://counterstrike.fandom.com/wiki/Railroad	Image	Counter-Strike cut maps
3	Rails	https://counterstrike.fandom.com/wiki/Rails	Image; Radar	Community Bomb maps; Operation Bloodhound maps
3	Range	https://counterstrike.fandom.com/wiki/Range	Image	Counter-Strike: Condition Zero cut maps; Training maps
3	Ravine	https://counterstrike.fandom.com/wiki/Ravine	Image; Radar; Logo	Community Bomb maps; Operation Riptide maps
3	Resort	https://counterstrike.fandom.com/wiki/Resort	Image; Radar	Community Bomb maps; Operation Bloodhound maps
3	Rialto	https://counterstrike.fandom.com/wiki/Rialto	Image; Radar; Logo	Operation Hydra maps; Counter-Strike: Global Offensive removed maps
3	Riverside	https://counterstrike.fandom.com/wiki/Riverside	Image	Assassination maps; Counter-Strike cut maps
3	Rockworld	https://counterstrike.fandom.com/wiki/Rockworld	Image	Counter-Strike: Source experimental maps
3	Rooftop	https://counterstrike.fandom.com/wiki/Rooftop	Image; Radar; Logo	Counter-Strike 2 Community Wingman maps
3	Rooftop Control	https://counterstrike.fandom.com/wiki/Rooftop_Control	Image; Radar	Control Point maps
3	Rooftops	https://counterstrike.fandom.com/wiki/Rooftops	Image	Counter-Strike: Condition Zero cut maps
3	Rotterdam	https://counterstrike.fandom.com/wiki/Rotterdam	Image	Counter-Strike cut maps
3	Royal	https://counterstrike.fandom.com/wiki/Royal	Image; Radar	Community Bomb maps; Operation Wildfire maps
3	Rubble	https://counterstrike.fandom.com/wiki/Rubble	Image	Counter-Strike (Xbox) cut maps; Counter-Strike: Condition Zero cut maps
3	Ruby	https://counterstrike.fandom.com/wiki/Ruby	Image; Radar; Logo	Community Bomb maps; Counter-Strike: Global Offensive removed maps
3	Ruins	https://counterstrike.fandom.com/wiki/Ruins	Image; Radar	Community Bomb maps; Operation Bravo maps
3	Rush	https://counterstrike.fandom.com/wiki/Rush	Image; Radar	Community Hostage maps; Operation Breakout maps
3	Safehouse	https://counterstrike.fandom.com/wiki/Safehouse	Image; Radar; Logo	Counter-Strike: Global Offensive Arms Race maps; Demolition Group; Flying Scoutsman Group
4	Sanctum	https://counterstrike.fandom.com/wiki/Sanctum	Image; Radar; Logo	Counter-Strike 2 Community Wingman maps
4	Santorini	https://counterstrike.fandom.com/wiki/Santorini	Image; Radar	Community Bomb maps; Operation Wildfire maps
4	Seaside	https://counterstrike.fandom.com/wiki/Seaside	Image; Radar; Logo	Community Bomb maps; Operation Bravo maps; Operation Payback maps; Operation Phoenix maps; Counter-Strike: Global Offensive removed maps
4	Season	https://counterstrike.fandom.com/wiki/Season	Image; Radar	Community Bomb maps; Operation Bloodhound maps; Operation Vanguard maps
4	Ship	https://counterstrike.fandom.com/wiki/Ship	Image	Counter-Strike cut maps
4	Shipped	https://counterstrike.fandom.com/wiki/Shipped	Image; Radar; Logo	Community Bomb maps; Operation Hydra maps; Counter-Strike: Global Offensive removed maps
4	Shoothouse	https://counterstrike.fandom.com/wiki/Shoothouse	Image	Counter-Strike: Condition Zero cut maps
4	Shoots	https://counterstrike.fandom.com/wiki/Shoots	Image; Radar; Logo	Counter-Strike: Global Offensive Arms Race maps; Arms Race Group; Flying Scoutsman Group
4	Shortdust	https://counterstrike.fandom.com/wiki/Shortdust	Image; Radar; Logo	Demolition Group
4	Shorttrain	https://counterstrike.fandom.com/wiki/Shorttrain	Image; Radar; Logo	Counter-Strike: Global Offensive removed maps
4	Siege	https://counterstrike.fandom.com/wiki/Siege	Image; Radar	Community Hostage maps; Operation Bravo maps; Counter-Strike Hostage maps
4	Sienna	https://counterstrike.fandom.com/wiki/Sienna	Image	Counter-Strike: Condition Zero Bomb maps
4	Silo	https://counterstrike.fandom.com/wiki/Silo	Image	Counter-Strike (Xbox) cut maps; Counter-Strike: Condition Zero cut maps
4	Sirocco	https://counterstrike.fandom.com/wiki/Sirocco	Image; Radar; Logo	Danger Zone maps; Danger Zone Group
4	Site	https://counterstrike.fandom.com/wiki/Site	Image	Counter-Strike: Source cut maps
4	St. Marc	https://counterstrike.fandom.com/wiki/St._Marc	Image; Radar; Logo	Counter-Strike: Global Offensive Arms Race maps; Demolition Group
4	Stadium	https://counterstrike.fandom.com/wiki/Stadium	Image	Counter-Strike (Xbox) Bomb maps; Counter-Strike: Condition Zero Bomb maps; Counter-Strike: Source cut maps
4	Station	https://counterstrike.fandom.com/wiki/Station	Image	Counter-Strike cut maps
4	Storm	https://counterstrike.fandom.com/wiki/Storm	Image	Counter-Strike Bomb maps
4	Stronghold	https://counterstrike.fandom.com/wiki/Stronghold	Image; Radar; Logo	Counter-Strike 2 Community Bomb maps
4	Studio	https://counterstrike.fandom.com/wiki/Studio	Image; Radar; Logo	Community Bomb maps; Operation Shattered Web maps
4	Subzero	https://counterstrike.fandom.com/wiki/Subzero	Image; Radar; Logo	Community Bomb maps; Counter-Strike: Global Offensive removed maps
4	Sugarcane	https://counterstrike.fandom.com/wiki/Sugarcane	Image; Radar; Logo	Demolition Group
4	Survivor	https://counterstrike.fandom.com/wiki/Survivor	Image	Counter-Strike Bomb maps
4	Swamp	https://counterstrike.fandom.com/wiki/Swamp	Image; Radar; Logo	Community Bomb maps; Counter-Strike: Global Offensive removed maps
4	Terminal (map)	https://counterstrike.fandom.com/wiki/Terminal_(map)	Image	Counter-Strike: Condition Zero cut maps
4	Thera	https://counterstrike.fandom.com/wiki/Thera	Image; Upper Radar; Lower Radar; Logo	Counter-Strike 2 Community Bomb maps
4	Thrill	https://counterstrike.fandom.com/wiki/Thrill	Image; Radar; Logo	Community Bomb maps; Operation Hydra maps
4	Thunder	https://counterstrike.fandom.com/wiki/Thunder	Image; Radar	Community Hostage maps; Operation Payback maps; Operation Phoenix maps; Counter-Strike cut maps
4	Tides	https://counterstrike.fandom.com/wiki/Tides	Image	Counter-Strike (Xbox) Bomb maps; Counter-Strike: Condition Zero Bomb maps; Counter-Strike: Source Bomb maps
4	Tire	https://counterstrike.fandom.com/wiki/Tire	Image	Counter-Strike cut maps
4	Torn	https://counterstrike.fandom.com/wiki/Torn	Image	Counter-Strike Bomb maps; Counter-Strike: Condition Zero Bomb maps; Counter-Strike (Xbox) cut maps
4	Trailerpark	https://counterstrike.fandom.com/wiki/Trailerpark	Image	Counter-Strike: Condition Zero cut maps
4	Train	https://counterstrike.fandom.com/wiki/Train	Image; Upper Radar; Lower Radar; Logo	Counter-Strike 2 Bomb maps; Counter-Strike Bomb maps; Counter-Strike: Global Offensive Bomb maps; Counter-Strike: Source Bomb maps; Operation Vanguard maps; Defusal Group Sigma; Reserves Group; Retakes Group
4	Transit	https://counterstrike.fandom.com/wiki/Transit	Image; Radar	Counter-Strike 2 Community Wingman maps
4	Trinity	https://counterstrike.fandom.com/wiki/Trinity	Image	Counter-Strike cut maps; Escape maps
4	Truth	https://counterstrike.fandom.com/wiki/Truth	Image	Counter-Strike (Xbox) Bomb maps; Counter-Strike: Condition Zero Bomb maps
4	Truth (cut)	https://counterstrike.fandom.com/wiki/Truth_(cut)	Image	Counter-Strike: Condition Zero cut maps
4	Tulip	https://counterstrike.fandom.com/wiki/Tulip	Image; Radar	Community Bomb maps; Operation Wildfire maps
4	Tundra	https://counterstrike.fandom.com/wiki/Tundra	Image	Assassination maps; Counter-Strike cut maps
4	Tuscan	https://counterstrike.fandom.com/wiki/Tuscan	Image; Radar; Logo	Community Bomb maps; Counter-Strike Community maps
4	Vegas	https://counterstrike.fandom.com/wiki/Vegas	Image	Counter-Strike cut maps; Counter-Strike: Source cut maps
4	Vertigo	https://counterstrike.fandom.com/wiki/Vertigo	Image; Upper Radar; Lower Radar; Logo	Counter-Strike 2 Bomb maps; Counter-Strike Bomb maps; Counter-Strike: Condition Zero Bomb maps; Counter-Strike: Global Offensive Bomb maps; Defusal Group Sigma; Reserves Group; Retakes Group; Wingman Group
4	Vessel	https://counterstrike.fandom.com/wiki/Vessel	Image	Counter-Strike (Xbox) cut maps; Counter-Strike: Condition Zero cut maps
4	Vineyard	https://counterstrike.fandom.com/wiki/Vineyard	Image; Radar; Logo	Community Danger Zone maps; Danger Zone maps; Danger Zone Group
4	Vostok	https://counterstrike.fandom.com/wiki/Vostok	Image	Counter-Strike (Xbox) Bomb maps; Counter-Strike: Condition Zero Bomb maps
4	Warden	https://counterstrike.fandom.com/wiki/Warden	Image; Radar; Logo	Counter-Strike 2 Community Bomb maps
4	Weapons Course	https://counterstrike.fandom.com/wiki/Weapons_Course	Image	Training maps
4	Whistle	https://counterstrike.fandom.com/wiki/Whistle	Image; Radar; Logo	Counter-Strike 2 Community Wingman maps
4	Workout	https://counterstrike.fandom.com/wiki/Workout	Image; Radar; Logo	Community Hostage maps; Operation Vanguard maps; Counter-Strike: Global Offensive removed maps
4	Wpndepot	https://counterstrike.fandom.com/wiki/Wpndepot	Image	Counter-Strike cut maps
4	Zoo	https://counterstrike.fandom.com/wiki/Zoo	Image; Radar; Logo	Community Bomb maps; Operation Bloodhound maps; Counter-Strike: Global Offensive removed maps
4	Zoption	https://counterstrike.fandom.com/wiki/Zoption	Image	Counter-Strike cut maps
-	Venice	https://counterstrike.fandom.com/wiki/Venice	(no infobox image on wiki)	Counter-Strike cut maps
-	Embassy	https://counterstrike.fandom.com/wiki/Embassy	(no infobox image on wiki)	Counter-Strike: Global Offensive cut maps
-	Glass	https://counterstrike.fandom.com/wiki/Glass	(no infobox image on wiki)	Counter-Strike: Global Offensive cut maps
-	Baloney	https://counterstrike.fandom.com/wiki/Baloney	(no infobox image on wiki)	Counter-Strike: Global Offensive cut maps
-	Tvstation	https://counterstrike.fandom.com/wiki/Tvstation	(no infobox image on wiki)	Counter-Strike: Global Offensive cut maps
-	Fall	https://counterstrike.fandom.com/wiki/Fall	(no infobox image on wiki)	Counter-Strike: Global Offensive cut maps
-	Winter	https://counterstrike.fandom.com/wiki/Winter	(no infobox image on wiki)	Counter-Strike: Global Offensive cut maps
-	Lighthouse	https://counterstrike.fandom.com/wiki/Lighthouse	(no infobox image on wiki)	Counter-Strike: Global Offensive cut maps
-	Greece	https://counterstrike.fandom.com/wiki/Greece	(no infobox image on wiki)	Counter-Strike: Global Offensive cut maps